{
	"info": {
		"_postman_id": "9ce3ad9e-ef17-4a84-9879-fd7d46958b59",
		"name": "BankApplication",
		"schema": "https://schema.getpostman.com/json/collection/v2.1.0/collection.json"
	},
	"item": [
		{
			"name": "Exceptions",
			"item": [
				{
					"name": "PasswordIncorrect",
					"request": {
						"method": "DELETE",
						"header": [],
						"url": {
							"raw": "http://localhost:8080/HomePage/DeleteAccount/23/xyz11",
							"protocol": "http",
							"host": [
								"localhost"
							],
							"port": "8080",
							"path": [
								"HomePage",
								"DeleteAccount",
								"23",
								"xyz11"
							]
						}
					},
					"response": []
				},
				{
					"name": "BalanceNotFound",
					"request": {
						"method": "GET",
						"header": [],
						"url": {
							"raw": "http://localhost:8080/CustomerAccount/Withdraw/24/xyz/1000000",
							"protocol": "http",
							"host": [
								"localhost"
							],
							"port": "8080",
							"path": [
								"CustomerAccount",
								"Withdraw",
								"24",
								"xyz",
								"1000000"
							]
						}
					},
					"response": []
				},
				{
					"name": "AccountNotFound",
					"request": {
						"method": "GET",
						"header": [],
						"url": {
							"raw": "http://localhost:8080/CustomerAccount/Withdraw/1/xyz/10",
							"protocol": "http",
							"host": [
								"localhost"
							],
							"port": "8080",
							"path": [
								"CustomerAccount",
								"Withdraw",
								"1",
								"xyz",
								"10"
							]
						}
					},
					"response": []
				}
			]
		},
		{
			"name": "Customer",
			"item": [
				{
					"name": "Register Customer",
					"request": {
						"method": "POST",
						"header": [],
						"body": {
							"mode": "raw",
							"raw": " {   \"custName\" : \"Rakshita\",\r\n    \"mobile\" : 9915164470,\r\n    \"email\": \"x1@gmail.com\",\r\n    \"aadharNo\": 882719243651,\r\n    \"dob\": \"29/12/2002\",\r\n    \"age\" : 21,\r\n    \"rAddress\" : \"Pune\",\r\n    \"pAddress\" : \"Chd\",\r\n    \"password\" : \"xyz\" \r\n\r\n }",
							"options": {
								"raw": {
									"language": "json"
								}
							}
						},
						"url": {
							"raw": "http://localhost:8080/HomePage/Register",
							"protocol": "http",
							"host": [
								"localhost"
							],
							"port": "8080",
							"path": [
								"HomePage",
								"Register"
							]
						}
					},
					"response": [
						{
							"name": "RegisterCustomer",
							"originalRequest": {
								"method": "POST",
								"header": [],
								"body": {
									"mode": "raw",
									"raw": " {   \"custName\" : \"Rakshita\",\r\n    \"mobile\" : 9915164470,\r\n    \"email\": \"x1@gmail.com\",\r\n    \"aadharNo\": 882719243651,\r\n    \"dob\": \"29/12/2002\",\r\n    \"age\" : 21,\r\n    \"rAddress\" : \"Pune\",\r\n    \"pAddress\" : \"Chd\",\r\n    \"password\" : \"xyz\" \r\n\r\n }",
									"options": {
										"raw": {
											"language": "json"
										}
									}
								},
								"url": {
									"raw": "http://localhost:8080/HomePage/Register",
									"protocol": "http",
									"host": [
										"localhost"
									],
									"port": "8080",
									"path": [
										"HomePage",
										"Register"
									]
								}
							},
							"status": "OK",
							"code": 200,
							"_postman_previewlanguage": "plain",
							"header": [
								{
									"key": "Content-Type",
									"value": "text/plain;charset=UTF-8"
								},
								{
									"key": "Content-Length",
									"value": "26"
								},
								{
									"key": "Date",
									"value": "Thu, 02 Nov 2023 05:38:47 GMT"
								},
								{
									"key": "Keep-Alive",
									"value": "timeout=60"
								},
								{
									"key": "Connection",
									"value": "keep-alive"
								}
							],
							"cookie": [],
							"body": "Registered Successfully ! "
						},
						{
							"name": "RegisterCustomer",
							"originalRequest": {
								"method": "POST",
								"header": [],
								"body": {
									"mode": "raw",
									"raw": " {   \"custName\" : \"Kriti\",\r\n    \"mobile\" : 9915164472,\r\n    \"email\": \"x@gmail.com\",\r\n    \"aadharNo\": 882719243657,\r\n    \"dob\": \"14/05/2002\",\r\n    \"age\" : 21,\r\n    \"rAddress\" : \"Pune\",\r\n    \"pAddress\" : \"Chd\",\r\n    \"password\" : \"xyz\" \r\n\r\n }",
									"options": {
										"raw": {
											"language": "json"
										}
									}
								},
								"url": {
									"raw": "http://localhost:8080/HomePage/Register",
									"protocol": "http",
									"host": [
										"localhost"
									],
									"port": "8080",
									"path": [
										"HomePage",
										"Register"
									]
								}
							},
							"status": "OK",
							"code": 200,
							"_postman_previewlanguage": "plain",
							"header": [
								{
									"key": "Content-Type",
									"value": "text/plain;charset=UTF-8"
								},
								{
									"key": "Content-Length",
									"value": "26"
								},
								{
									"key": "Date",
									"value": "Thu, 02 Nov 2023 05:38:47 GMT"
								},
								{
									"key": "Keep-Alive",
									"value": "timeout=60"
								},
								{
									"key": "Connection",
									"value": "keep-alive"
								}
							],
							"cookie": [],
							"body": "Registered Successfully ! "
						}
					]
				},
				{
					"name": "Login Customer ",
					"request": {
						"method": "GET",
						"header": [],
						"url": {
							"raw": "http://localhost:8080/HomePage/Log/x@gmail.com/xyz",
							"protocol": "http",
							"host": [
								"localhost"
							],
							"port": "8080",
							"path": [
								"HomePage",
								"Log",
								"x@gmail.com",
								"xyz"
							]
						}
					},
					"response": []
				},
				{
					"name": "Update Customer",
					"request": {
						"method": "PUT",
						"header": [],
						"body": {
							"mode": "raw",
							"raw": " {   \"custName\" : \"Kriti\",\r\n    \"mobile\" : 9915164472,\r\n    \"email\": \"x@gmail.com\",\r\n    \"aadharNo\": 882719243657,\r\n    \"dob\": \"14/05/2002\",\r\n    \"age\" : 21,\r\n    \"rAddress\" : \"Pune\",\r\n    \"pAddress\" : \"Chd\",\r\n    \"password\" : \"xyz\" \r\n\r\n }",
							"options": {
								"raw": {
									"language": "json"
								}
							}
						},
						"url": {
							"raw": "http://localhost:8080/HomePage/UpdateCustomer/",
							"protocol": "http",
							"host": [
								"localhost"
							],
							"port": "8080",
							"path": [
								"HomePage",
								"UpdateCustomer",
								""
							]
						}
					},
					"response": []
				},
				{
					"name": "DeleteCustomer",
					"request": {
						"method": "DELETE",
						"header": [],
						"url": {
							"raw": "http://localhost:8080/HomePage/DeleteAccount/23/xyz",
							"protocol": "http",
							"host": [
								"localhost"
							],
							"port": "8080",
							"path": [
								"HomePage",
								"DeleteAccount",
								"23",
								"xyz"
							]
						}
					},
					"response": []
				}
			]
		},
		{
			"name": "Account",
			"item": [
				{
					"name": "Create Account",
					"request": {
						"method": "POST",
						"header": [],
						"body": {
							"mode": "raw",
							"raw": "{\r\n    \"accType\" : \"savings\",\r\n    \"branch\" : \"Pune\",\r\n    \"balance\" : 0.0,\r\n    \"password\" : \"xyz1\"\r\n    \r\n}\t\r\n",
							"options": {
								"raw": {
									"language": "json"
								}
							}
						},
						"url": {
							"raw": "http://localhost:8080/CustomerAccount/CreateAccount",
							"protocol": "http",
							"host": [
								"localhost"
							],
							"port": "8080",
							"path": [
								"CustomerAccount",
								"CreateAccount"
							]
						}
					},
					"response": [
						{
							"name": "Create Account",
							"originalRequest": {
								"method": "POST",
								"header": [],
								"body": {
									"mode": "raw",
									"raw": "{\r\n    \"accType\" : \"current\",\r\n    \"branch\" : \"Pune\",\r\n    \"balance\" : 1000.0,\r\n    \"password\" : \"xyz\"\r\n    \r\n}\t\r\n"
								},
								"url": {
									"raw": "http://localhost:8080/CustomerAccount/CreateAccount",
									"protocol": "http",
									"host": [
										"localhost"
									],
									"port": "8080",
									"path": [
										"CustomerAccount",
										"CreateAccount"
									]
								}
							},
							"_postman_previewlanguage": null,
							"header": null,
							"cookie": [],
							"body": null
						}
					]
				},
				{
					"name": "Valid Account",
					"request": {
						"method": "GET",
						"header": [],
						"url": {
							"raw": "http://localhost:8080/CustomerAccount/Valid/24/xyz",
							"protocol": "http",
							"host": [
								"localhost"
							],
							"port": "8080",
							"path": [
								"CustomerAccount",
								"Valid",
								"24",
								"xyz"
							]
						}
					},
					"response": []
				},
				{
					"name": "Deposit Amount",
					"request": {
						"method": "GET",
						"header": [],
						"url": {
							"raw": "http://localhost:8080/CustomerAccount/Deposit/24/1000",
							"protocol": "http",
							"host": [
								"localhost"
							],
							"port": "8080",
							"path": [
								"CustomerAccount",
								"Deposit",
								"24",
								"1000"
							]
						}
					},
					"response": []
				},
				{
					"name": "WithDraw Amount",
					"request": {
						"method": "GET",
						"header": [],
						"url": {
							"raw": "http://localhost:8080/CustomerAccount/Withdraw/24/xyz/10",
							"protocol": "http",
							"host": [
								"localhost"
							],
							"port": "8080",
							"path": [
								"CustomerAccount",
								"Withdraw",
								"24",
								"xyz",
								"10"
							]
						}
					},
					"response": []
				},
				{
					"name": "Transfer Funds",
					"request": {
						"method": "GET",
						"header": [],
						"url": {
							"raw": "http://localhost:8080/CustomerAccount/TransferotherBank/23/24/xyz/10",
							"protocol": "http",
							"host": [
								"localhost"
							],
							"port": "8080",
							"path": [
								"CustomerAccount",
								"TransferotherBank",
								"23",
								"24",
								"xyz",
								"10"
							]
						}
					},
					"response": []
				},
				{
					"name": "Update Password",
					"request": {
						"method": "GET",
						"header": [],
						"url": {
							"raw": "http://localhost:8080/CustomerAccount/UpdatePassword/24/xyz/xyz/xyz",
							"protocol": "http",
							"host": [
								"localhost"
							],
							"port": "8080",
							"path": [
								"CustomerAccount",
								"UpdatePassword",
								"24",
								"xyz",
								"xyz",
								"xyz"
							]
						}
					},
					"response": []
				}
			]
		},
		{
			"name": "Transaction",
			"item": [
				{
					"name": "All Transaction",
					"request": {
						"method": "GET",
						"header": [],
						"url": {
							"raw": "http://localhost:8080/CustomerAccount/AllTransaction",
							"protocol": "http",
							"host": [
								"localhost"
							],
							"port": "8080",
							"path": [
								"CustomerAccount",
								"AllTransaction"
							]
						}
					},
					"response": []
				},
				{
					"name": "Transaction by AccountNo",
					"request": {
						"method": "GET",
						"header": [],
						"url": {
							"raw": "http://localhost:8080/CustomerAccount/TransactionByAccNo/24/xyz",
							"protocol": "http",
							"host": [
								"localhost"
							],
							"port": "8080",
							"path": [
								"CustomerAccount",
								"TransactionByAccNo",
								"24",
								"xyz"
							]
						}
					},
					"response": []
				},
				{
					"name": "Transaction Between Dates",
					"request": {
						"method": "GET",
						"header": [],
						"url": {
							"raw": "http://localhost:8080/CustomerAccount/TransactionByDate/2023-05-11/2023-11-06",
							"protocol": "http",
							"host": [
								"localhost"
							],
							"port": "8080",
							"path": [
								"CustomerAccount",
								"TransactionByDate",
								"2023-05-11",
								"2023-11-06"
							]
						}
					},
					"response": []
				}
			]
		}
	]
}